{"cameraMode":{"drawMode":0,"name":"Shaded","section":"Shading Mode"},"sceneLighting":false,"audioPlay":false,"sceneViewState":{"m_AlwaysRefresh":false,"showFog":true,"showSkybox":false,"showFlares":true,"showImageEffects":true,"showParticleSystems":true,"showVisualEffectGraphs":true,"m_FxEnabled":true},"in2DMode":false,"pivot":{"x":9.362198829650879,"y":3.7376887798309328,"z":7.465791702270508},"rotation":{"x":-0.012153384275734425,"y":0.5613857507705689,"z":0.008251965045928955,"w":0.8274351358413696},"size":10.751137733459473,"orthographic":false}